metric,n,avg_ms,p99_ms,max_ms,total_ms
pause,2375,0.0139,0.0270,0.7410,33.1000
pause_young,2005,0.0140,0.0270,0.7410,28.1110
pause_old,370,0.0135,0.0260,0.0300,4.9890
cycle_young,474,11.0316,16.0000,21.0000,5229.0000
cycle_old,185,53.0703,85.0000,104.0000,9818.0000
conc_mark,853,3.9483,10.7810,17.2640,3367.9030
conc_mark_young,668,3.2401,5.9850,7.0010,2164.4000
conc_mark_old,185,6.5054,11.3400,17.2640,1203.5030
conc_reloc,853,2.1209,8.0860,10.6830,1809.1350
conc_reloc_young,668,1.8940,4.4360,6.7460,1265.1970
conc_reloc_old,185,2.9402,10.2120,10.6830,543.9380
stall,109,2.9102,13.9480,15.9860,317.2080
