metric,value,unit
gc_cycles,668,count
pause_samples,2375,count
pause_avg_ms,0.0139,ms
pause_p50_ms,0.013,ms
pause_p90_ms,0.019,ms
pause_p99_ms,0.027,ms
pause_p99_9_ms,0.1008,ms
pause_p99_99_ms,0.6567,ms
pause_max_ms,0.741,ms
pause_total_ms,33.1,ms
pauses_over_1ms,0,count
pauses_over_1ms_pct,0.0,percent
allocation_stall_events,109,count
allocation_stall_total_ms,317.208,ms
allocation_stall_max_ms,15.986,ms
concurrent_mark_avg_ms,3.9483,ms
concurrent_mark_max_ms,17.264,ms
concurrent_relocate_avg_ms,2.1209,ms
concurrent_relocate_max_ms,10.683,ms
cycle_young_avg_ms,11.032,ms
cycle_young_max_ms,21,ms
cycle_old_avg_ms,53.07,ms
cycle_old_max_ms,104,ms
